TIM PARTICIPAÇÕES SA # TIM PARTICIPACOES S.A. -
TOTVS SA # TOTVS S.A. +
TPI  TRIUNFO PARTICIP. E INVEST. SA # TPI - TRIUNFO PARTICIP. E INVEST. S.A. +
TRACTEBEL ENERGIA SA # TRACTEBEL ENERGIA S.A. +
TRANSMISSORA ENERGY ALLIANCE ELECTRIC SA # TRANSMISSORA ALIANCA DE ENERGIA ELETRICA S.A. -
Trevisa INVESTMENTS SA # TREVISA INVESTIMENTOS S.A. +
TRIANGLE OF MOTORWAY SOL SA # TRIANGULO DO SOL AUTO-ESTRADAS S.A. +
TRISUL SA # TRISUL S.A. +
Tupy SA # TUPY S.A. +
ULTRAPAR HOLDINGS SA # ULTRAPAR PARTICIPACOES S.A. +
UNI CITY TRUST SP receivables SA # UNI CIDADE SP TRUST DE RECEBIVEIS S.A. -
UNICASA INDUSTRY OF FURNITURE SA # UNICASA INDUSTRIA DE MOVEIS S.A. +
UNITED SA NATIONS # UNIDAS S.A. +
UNIPAR HOLDINGS SA # UNIPAR PARTICIPACOES S.A. +
Univercidade receivables TRUST SA # UNIVERCIDADE TRUST DE RECEBIVEIS S.A. -
PETROLEO BRASILEIRO SA PETROBRAS # PETROLEO BRASILEIRO S.A. PETROBRAS +
VALE SA # VALE S.A. -
CIA BEVERAGES OF AMERICAS  AMBEV # CIA BEBIDAS DAS AMERICAS - AMBEV +
CENTRAL ELEC BRAS SA  Eletrobras # CENTRAIS ELET BRAS S.A. - ELETROBRAS +
ALL AMERICA LATINA LOGISTICA SA # ALL AMERICA LATINA LOGISTICA S.A. +
Cosan SA INDUSTRIAL # COSAN S.A. INDUSTRIA E COMERCIO -
Cosan SA INDUSTRIAL # COSAN S.A. INDUSTRIA E COMERCIO -
Cosan SA INDUSTRIAL # COSAN S.A. INDUSTRIA E COMERCIO +
SAINT MARTIN SA # SAO MARTINHO S.A. +
BCO SA BRAZIL # BCO BRASIL S.A. +
PETROLEO BRASILEIRO SA PETROBRAS PETROBRAS # PETROLEO BRASILEIRO S.A. PETROBRAS -
TELEFONICA SA BRAZIL # TELEFONICA BRASIL S.A +
NATURA COSMETICOS SA # NATURA COSMETICOS S.A -
EMBRAER SA # EMBRAER S.A. +
BCO BRADESCO SA # BCO BRADESCO S.A. +
PETROLEO BRASILEIRO SA PETROBRAS # PETROLEO BRASILEIRO S.A. PETROBRAS +
PETROLEO BRASILEIRO SA PETROBRAS PETROBRAS # PETROLEO BRASILEIRO S.A. PETROBRAS -
PETROLEO BRASILEIRO SA PETROBRAS PETROBRAS # PETROLEO BRASILEIRO S.A. PETROBRAS +
PETROLEO BRASILEIRO SA PETROBRAS PETROBRAS # PETROLEO BRASILEIRO S.A. PETROBRAS +
PETROLEO BRASILEIRO SA PETROBRAS # PETROLEO BRASILEIRO S.A. PETROBRAS +
BCO SA BRAZIL # BCO BRASIL S.A. -
BCO SA BRAZIL # BCO BRASIL S.A. -
BCO SA BRAZIL # BCO BRASIL S.A. -
BCO SA BRAZIL # BCO BRASIL S.A. +
BCO SA BRAZIL # BCO BRASIL S.A. -
HI SA # OI S.A. -
SA HI # OI S.A. -
SA HI # OI S.A. +
SA HI # OI S.A. +
SA HI # OI S.A. +
APRIL EDUCATION SA # ABRIL EDUCACAO S.A. +
AGRENCO LTD. # AGRENCO LTD. -
ALPARGATAS SA # ALPARGATAS S.A. +
ANDRADE GUTIERREZ CONCESSIONS SA # ANDRADE GUTIERREZ CONCESSOES S.A. +
BICYCLES MONARK SA # BICICLETAS MONARK S.A. -
SA Brookfield # BROOKFIELD INCORPORACOES S.A. +
Cellulose Irani SA # CELULOSE IRANI S.A. +
Cemig GT SA # CEMIG GERACAO E TRANSMISSAO S.A. +
CIA Soluble Coffee CHIEF # CIA CACIQUE DE CAFE SOLUVEL +
CIA ENERGETICA RIVER NORTH GDE  COSERN # CIA ENERGETICA DO RIO GDE NORTE - COSERN -
CIA SANITATION PARANA  SANEPAR # CIA SANEAMENTO DO PARANA - SANEPAR -
Dufry AG # DUFRY A.G. -
EBX SA BRAZIL # EBX BRASIL S.A. -
Klabin SA # KLABIN S.A. +
OGX Petroleo e Gas Participacoes SA # OGX PETROLEO E GAS PARTICIPACOES S.A. -
PETROLEO BRASILEIRO SA PETROBRAS # PETROLEO BRASILEIRO S.A. PETROBRAS -
PETROLEO BRASILEIRO SA PETROBRAS # PETROLEO BRASILEIRO S.A. PETROBRAS -
AREZZO INDUSTRIAL SA # AREZZO INDUSTRIA E COMERCIO S.A. +
BCO SA BRAZIL # BCO BRASIL S.A. +
BCO SA BRAZIL # BCO BRASIL S.A. -
BCO SA BRAZIL # BCO BRASIL S.A. +
BCO BRADESCO SA # BCO BRADESCO S.A. -
BCO BRADESCO SA # BCO BRADESCO S.A. +
BCO BRADESCO SA # BCO BRADESCO S.A. -
BCO SOFISA SA # BCO SOFISA S.A. +
HOTELS OTHON SA # HOTEIS OTHON S.A. +
HOTELS OTHON SA # HOTEIS OTHON S.A. +
PROFARMA DISTRIB PROD FARMACEUTICOS SA # PROFARMA DISTRIB PROD FARMACEUTICOS S.A. +
PROFARMA DISTRIB PROD FARMACEUTICOS SA # PROFARMA DISTRIB PROD FARMACEUTICOS S.A. +
PROFARMA DISTRIB PROD FARMACEUTICOS SA # PROFARMA DISTRIB PROD FARMACEUTICOS S.A. +
AMBEV SA # AMBEV S.A. +
AMBEV SA # AMBEV S.A. +
AMBEV SA # AMBEV S.A. +
AMBEV SA # AMBEV S.A. -
AMBEV SA # AMBEV S.A. +
BCO PAN SA # BCO PAN S.A. -
BCO PAN SA # BCO PAN S.A. -
BCO PAN SA # BCO PAN S.A. -
BCO PAN SA # BCO PAN S.A. +
BCO SA BRAZIL # BCO BRASIL S.A. +
BCO SA BRAZIL # BCO BRASIL S.A. +
BCO SA BRAZIL # BCO BRASIL S.A. +
BCO SA BRAZIL # BCO BRASIL S.A. +
BCO SA BRAZIL # BCO BRASIL S.A. -
SHOPS SA AMERICAN # LOJAS AMERICANAS S.A. +
POSITIVE INFORMATICA SA # POSITIVO INFORMATICA S.A. +
POSITIVE INFORMATICA SA # POSITIVO INFORMATICA S.A. +
PORTOBELLO SA PORTOBELLO # PORTOBELLO S.A. +
PORTOBELLO SA PORTOBELLO # PORTOBELLO S.A. -
Energisa SA # ENERGISA S.A. +
Energisa SA # ENERGISA S.A. -
EMBRATEL PARTICIPAÇÕES SA # EMBRATEL PARTICIPACOES S.A. +
EMBRATEL PARTICIPAÇÕES SA # EMBRATEL PARTICIPACOES S.A. -
EMBRAER SA # EMBRAER S.A. +
EMBRAER SA # EMBRAER S.A. +
EMBRAER SA # EMBRAER S.A. -
EMBRAER SA # EMBRAER S.A. +
Eletropaulo Metrop. ELEC. SAO PAULO SA # ELETROPAULO METROP. ELET. SAO PAULO S.A. -
CIELO SA # CIELO S.A. +
BOMBRIL SA # BOMBRIL S.A. +
BNDES PARTICIPAÇÕES SA  BNDESPAR BNDESPAR # BNDES PARTICIPACOES S.A. - BNDESPAR +
AMBEV SA # AMBEV S.A. +
Vulcabras  AZALEIA SA # VULCABRAS/AZALEIA S.A. -
FORCE FOODS SA # VIGOR ALIMENTOS S.A. +
VALE SA # VALE S.A. +
HOTELS OTHON SA # HOTEIS OTHON S.A. +
Grendene SA # GRENDENE S.A. +
Gol Airlines SMART SA # GOL LINHAS AEREAS INTELIGENTES S.A. -
LIGHT SA # LIGHT S.A. -
SAFE HARBOR SA # PORTO SEGURO S.A. +
PETROLEO BRASILEIRO SA PETROBRAS # PETROLEO BRASILEIRO S.A. PETROBRAS -
Nutriplant INDUSTRIAL SA # NUTRIPLANT INDUSTRIA E COMERCIO S.A. -
BRASKEM SA # BRASKEM S.A. -
BCO BRADESCO SA # BCO BRADESCO S.A. -
BCO SA BRAZIL # BCO BRASIL S.A. -
BCO SANTANDER (BRAZIL) SA # BCO SANTANDER (BRASIL) S.A. +
BCO BRADESCO SA # BCO BRADESCO S.A. +
BCO BRADESCO SA # BCO BRADESCO S.A. -
BCO BRADESCO SA # BCO BRADESCO S.A. +
BCO BRADESCO SA # BCO BRADESCO S.A. -
BCO BRADESCO SA # BCO BRADESCO S.A. -
BCO BRADESCO SA # BCO BRADESCO S.A. -
BCO BRADESCO SA # BCO BRADESCO S.A. -
BCO BRADESCO SA # BCO BRADESCO S.A. -
BCO BRADESCO SA # BCO BRADESCO S.A. -
BCO BRADESCO SA # BCO BRADESCO S.A. +
BCO BRADESCO SA # BCO BRADESCO S.A. -
BCO BRADESCO SA # BCO BRADESCO S.A. -
BCO BRADESCO SA # BCO BRADESCO S.A. +
BCO BRADESCO SA # BCO BRADESCO S.A. -
BCO BRADESCO SA # BCO BRADESCO S.A. +
BCO SA BRAZIL # BCO BRASIL S.A. -
BCO SA BRAZIL # BCO BRASIL S.A. +
BCO SA BRAZIL # BCO BRASIL S.A. +
BCO SA BRAZIL # BCO BRASIL S.A. -
BCO SA BRAZIL # BCO BRASIL S.A. -
BCO SA BRAZIL # BCO BRASIL S.A. +
BCO SA BRAZIL # BCO BRASIL S.A. -
BCO SA BRAZIL # BCO BRASIL S.A. +
BCO SA BRAZIL # BCO BRASIL S.A. -
BCO SA BRAZIL # BCO BRASIL S.A. +
BCO SA BRAZIL # BCO BRASIL S.A. -
BCO SA BRAZIL # BCO BRASIL S.A. -
BCO SA BRAZIL # BCO BRASIL S.A. +
BCO SA BRAZIL # BCO BRASIL S.A. -
BCO SA BRAZIL # BCO BRASIL S.A. -
AMERICAN STORES SA # LOJAS AMERICANAS S.A. -
SHOPS SA AMERICAN # LOJAS AMERICANAS S.A. -
SHOPS SA AMERICAN # LOJAS AMERICANAS S.A. +
SHOPS SA AMERICAN # LOJAS AMERICANAS S.A. +
SHOPS SA AMERICAN # LOJAS AMERICANAS S.A. +
SHOPS SA AMERICAN # LOJAS AMERICANAS S.A. +
AMERICAN STORES SA # LOJAS AMERICANAS S.A. +
SHOPS SA AMERICAN # LOJAS AMERICANAS S.A. +
SHOPS SA AMERICAN # LOJAS AMERICANAS S.A. -
SHOPS SA AMERICAN # LOJAS AMERICANAS S.A. -
SHOPS SA AMERICAN # LOJAS AMERICANAS S.A. -
AMERICAN STORES SA # LOJAS AMERICANAS S.A. -
SHOPS SA AMERICAN # LOJAS AMERICANAS S.A. +
SHOPS SA AMERICAN # LOJAS AMERICANAS S.A. -
##############
-1
1
1
1
-1
1
1
1
1
1
-1
1
1
1
-1
1
-1
1
1
1
-1
-1
1
1
1
-1
1
-1
1
1
1
-1
1
1
1
-1
-1
-1
1
-1
-1
-1
1
1
1
1
-1
1
1
-1
1
1
1
1
-1
-1
-1
-1
1
-1
-1
-1
1
1
-1
1
-1
1
-1
1
1
1
1
1
1
1
1
1
-1
1
-1
-1
-1
1
1
1
1
1
-1
1
1
1
1
-1
1
-1
1
-1
1
1
-1
1
-1
1
1
1
1
-1
1
1
1
1
-1
-1
1
-1
-1
-1
-1
-1
1
1
-1
1
-1
-1
-1
-1
-1
-1
1
-1
-1
1
-1
1
-1
1
1
-1
-1
1
-1
1
-1
1
-1
-1
1
-1
-1
-1
-1
1
1
1
1
1
1
-1
-1
-1
-1
1
-1
